date,holidays
2013-02-24,Vacances Scolaires
2013-02-23,Vacances Scolaires
2013-02-22,Vacances Scolaires
2013-02-21,Vacances Scolaires
2013-02-20,Vacances Scolaires
2013-02-19,Vacances Scolaires
2013-02-18,Férié
2013-01-21,Férié
2013-01-01,Férié
2012-12-31,Vacances Scolaires
2012-12-30,Vacances Scolaires
2012-12-29,Vacances Scolaires
2012-12-28,Vacances Scolaires
2012-12-27,Vacances Scolaires
2012-12-26,Vacances Scolaires
2012-12-25,Férié
2012-11-25,Vacances Scolaires
2012-11-24,Vacances Scolaires
2012-11-23,Vacances Scolaires
2012-11-22,Férié
2012-11-21,Vacances Scolaires
2012-11-20,Vacances Scolaires
2012-11-19,Vacances Scolaires
2012-11-12,Férié
2012-10-08,Férié
2012-09-03,Férié
2012-08-26,Vacances Scolaires
2012-08-25,Vacances Scolaires
2012-08-24,Vacances Scolaires
2012-08-23,Vacances Scolaires
2012-08-22,Vacances Scolaires
2012-08-21,Vacances Scolaires
2012-08-20,Vacances Scolaires
2012-08-19,Vacances Scolaires
2012-08-18,Vacances Scolaires
2012-08-17,Vacances Scolaires
2012-08-16,Vacances Scolaires
2012-08-15,Vacances Scolaires
2012-08-14,Vacances Scolaires
2012-08-13,Vacances Scolaires
2012-08-12,Vacances Scolaires
2012-08-11,Vacances Scolaires
2012-08-10,Vacances Scolaires
2012-08-09,Vacances Scolaires
2012-08-08,Vacances Scolaires
2012-08-07,Vacances Scolaires
2012-08-06,Vacances Scolaires
2012-08-05,Vacances Scolaires
2012-08-04,Vacances Scolaires
2012-08-03,Vacances Scolaires
2012-08-02,Vacances Scolaires
2012-08-01,Vacances Scolaires
2012-07-31,Vacances Scolaires
2012-07-30,Vacances Scolaires
2012-07-29,Vacances Scolaires
2012-07-28,Vacances Scolaires
2012-07-27,Vacances Scolaires
2012-07-26,Vacances Scolaires
2012-07-25,Vacances Scolaires
2012-07-24,Vacances Scolaires
2012-07-23,Vacances Scolaires
2012-07-22,Vacances Scolaires
2012-07-21,Vacances Scolaires
2012-07-20,Vacances Scolaires
2012-07-19,Vacances Scolaires
2012-07-18,Vacances Scolaires
2012-07-17,Vacances Scolaires
2012-07-16,Vacances Scolaires
2012-07-15,Vacances Scolaires
2012-07-14,Vacances Scolaires
2012-07-13,Vacances Scolaires
2012-07-12,Vacances Scolaires
2012-07-11,Vacances Scolaires
2012-07-10,Vacances Scolaires
2012-07-09,Vacances Scolaires
2012-07-08,Vacances Scolaires
2012-07-07,Vacances Scolaires
2012-07-06,Vacances Scolaires
2012-07-05,Vacances Scolaires
2012-07-04,Vacances Scolaires
2012-07-03,Vacances Scolaires
2012-07-02,Vacances Scolaires
2012-07-01,Vacances Scolaires
2012-06-30,Vacances Scolaires
2012-06-29,Vacances Scolaires
2012-06-28,Vacances Scolaires
2012-06-27,Vacances Scolaires
2012-06-26,Vacances Scolaires
2012-06-25,Vacances Scolaires
2012-06-24,Vacances Scolaires
2012-06-23,Vacances Scolaires
2012-06-22,Vacances Scolaires
2012-06-21,Vacances Scolaires
2012-06-20,Vacances Scolaires
2012-06-19,Vacances Scolaires
2012-06-18,Vacances Scolaires
2012-06-17,Vacances Scolaires
2012-06-16,Vacances Scolaires
2012-06-15,Vacances Scolaires
2012-06-14,Vacances Scolaires
2012-06-13,Vacances Scolaires
2012-06-12,Vacances Scolaires
2012-06-11,Vacances Scolaires
2012-06-10,Vacances Scolaires
2012-06-09,Vacances Scolaires
2012-06-08,Vacances Scolaires
2012-06-07,Vacances Scolaires
2012-06-06,Vacances Scolaires
2012-06-05,Vacances Scolaires
2012-06-04,Vacances Scolaires
2012-06-03,Vacances Scolaires
2012-05-28,Férié
2012-04-15,Vacances Scolaires
2012-04-14,Vacances Scolaires
2012-04-13,Vacances Scolaires
2012-04-12,Vacances Scolaires
2012-04-11,Vacances Scolaires
2012-04-10,Vacances Scolaires
2012-04-09,Vacances Scolaires
2012-02-26,Vacances Scolaires
2012-02-25,Vacances Scolaires
2012-02-24,Vacances Scolaires
2012-02-23,Vacances Scolaires
2012-02-22,Vacances Scolaires
2012-02-21,Vacances Scolaires
2012-02-20,Férié
2012-01-16,Férié
2012-01-02,Férié
2012-01-01,Vacances Scolaires
2011-12-31,Vacances Scolaires
2011-12-30,Vacances Scolaires
2011-12-29,Vacances Scolaires
2011-12-28,Vacances Scolaires
2011-12-27,Vacances Scolaires
2011-12-26,Férié
2011-12-25,Vacances Scolaires
2011-11-27,Vacances Scolaires
2011-11-26,Vacances Scolaires
2011-11-25,Vacances Scolaires
2011-11-24,Férié
2011-11-23,Vacances Scolaires
2011-11-22,Vacances Scolaires
2011-11-21,Vacances Scolaires
2011-11-11,Férié
2011-10-10,Férié
2011-09-05,Férié